Workbook

Sheet Customers
B2: SBI – Customer Master Data (60 Records)
B3: Customer ID | C3: Name | D3: City | E3: Annual Income (₹) | F3: Age | G3: Occupation | H3: Credit Score
B4: 111101 | C4: Gagan Soni | D4: Hyderabad | E4: 200000 | F4: 34 | G4: Salaried | H4: 780
B5: 111102 | C5: Rajveer Singh | D5: Delhi | E5: 150000 | F5: 45 | G5: Business | H5: 650
B6: 111103 | C6: Aditya Sukhdev | D6: Mumbai | E6: 250000 | F6: 29 | G6: Salaried | H6: 820
B7: 111104 | C7: Ram Mohan Rao | D7: Hyderabad | E7: 100000 | F7: 52 | G7: Self-Employed | H7: 590
B8: 111105 | C8: Siddharth Singh | D8: Patna | E8: 50000 | F8: 38 | G8: Salaried | H8: 480
B9: 111106 | C9: Raghuveer Rathod | D9: Jaipur | E9: 250000 | F9: 41 | G9: Business | H9: 760
B10: 111107 | C10: Keshav Chaterjee | D10: Pune | E10: 75000 | F10: 33 | G10: Salaried | H10: 620
B11: 111108 | C11: Nimesh Sood | D11: Nagpur | E11: 100000 | F11: 47 | G11: Self-Employed | H11: 700
B12: 111109 | C12: Sameer Hussain | D12: Raipur | E12: 60000 | F12: 55 | G12: Salaried | H12: 430
B13: 111110 | C13: Chetana Das | D13: Bhubaneswar | E13: 80000 | F13: 36 | G13: Salaried | H13: 670
B14: 111111 | C14: Priya Mehta | D14: Mumbai | E14: 300000 | F14: 31 | G14: Salaried | H14: 850
B15: 111112 | C15: Arjun Sharma | D15: Delhi | E15: 180000 | F15: 43 | G15: Business | H15: 720
... B63: 111160 | C63: Sunanda Menon | D63: Chennai | E63: 225000 | F63: 29 | G63: Salaried | H63: 820

Sheet Loans
B2: SBI – Loan Portfolio Data (70 Records)
B3: Loan ID | C3: Customer ID | D3: Loan Type | E3: Loan Amount (₹) | F3: Interest Rate % | G3: Tenure (Months) | H3: Status | I3: Loan Date | J3: EMI Amount (₹) | K3: credit_score
B4: 2001001 | C4: 111101 | D4: Home Loan | E4: 2000000 | F4: 7.5 | G4: 240 | H4: Active | I4: 44888 | J4: =ROUND(PMT(F4/12/100, G4, -E4), 0) -> 16112 | K4: =VLOOKUP(C4,Customers!$B4:$H4,7,0) -> 780
B5: 2001002 | C5: 111102 | D5: Business Loan | E5: 1800000 | F5: 8.1 | G5: 180 | H5: Active | I5: 43570 | J5: =ROUND(PMT(F5/12/100, G5, -E5), 0) -> 17306 | K5: =VLOOKUP(C5,Customers!$B5:$H5,7,0) -> 650
B6: 2001003 | C6: 111103 | D6: Home Loan | E6: 2500000 | F6: 7 | G6: 300 | H6: Active | I6: 44062 | J6: =ROUND(PMT(F6/12/100, G6, -E6), 0) -> 17669 | K6: =VLOOKUP(C6,Customers!$B6:$H6,7,0) -> 820
B7: 2001004 | C7: 111104 | D7: Personal Loan | E7: 1200000 | F7: 8.2 | G7: 120 | H7: NPA | I7: 43240 | J7: =ROUND(PMT(F7/12/100, G7, -E7), 0) -> 14686 | K7: =VLOOKUP(C7,Customers!$B7:$H7,7,0) -> 590
B8: 2001005 | C8: 111105 | D8: Personal Loan | E8: 500000 | F8: 12.5 | G8: 60 | H8: NPA | I8: 42747 | J8: =ROUND(PMT(F8/12/100, G8, -E8), 0) -> 11249 | K8: =VLOOKUP(C8,Customers!$B8:$H8,7,0) -> 480
B9: 2001006 | C9: 111106 | D9: Business Loan | E9: 3000000 | F9: 7.7 | G9: 240 | H9: Active | I9: 42301 | J9: =ROUND(PMT(F9/12/100, G9, -E9), 0) -> 24536 | K9: =VLOOKUP(C9,Customers!$B9:$H9,7,0) -> 760
B10: 2001007 | C10: 111107 | D10: Auto Loan | E10: 650000 | F10: 14.5 | G10: 72 | H10: Active | I10: 44424 | J10: =ROUND(PMT(F10/12/100, G10, -E10), 0) -> 13568 | K10: =VLOOKUP(C10,Customers!$B10:$H10,7,0) -> 620
B11: 2001008 | C11: 111108 | D11: Home Loan | E11: 1000000 | F11: 9.5 | G11: 180 | H11: Active | I11: 45191 | J11: =ROUND(PMT(F11/12/100, G11, -E11), 0) -> 10442 | K11: =VLOOKUP(C11,Customers!$B11:$H11,7,0) -> 700
B12: 2001009 | C12: 111109 | D12: Personal Loan | E12: 700000 | F12: 15.5 | G12: 60 | H12: NPA | I12: 43157 | J12: =ROUND(PMT(F12/12/100, G12, -E12), 0) -> 16837 | K12: =VLOOKUP(C12,Customers!$B12:$H12,7,0) -> 430
B13: 2001010 | C13: 111110 | D13: Education Loan | E13: 300000 | F13: 11.5 | G13: 84 | H13: Closed | I13: 42719 | J13: =ROUND(PMT(F13/12/100, G13, -E13), 0) -> 5216 | K13: =VLOOKUP(C13,Customers!$B13:$H13,7,0) -> 670
B14: 2001011 | C14: 111111 | D14: Home Loan | E14: 3500000 | F14: 6.9 | G14: 300 | H14: Active | I14: 44357 | J14: =ROUND(PMT(F14/12/100, G14, -E14), 0) -> 24514 | K14: =VLOOKUP(C14,Customers!$B14:$H14,7,0) -> 850
B15: 2001012 | C15: 111112 | D15: Business Loan | E15: 2200000 | F15: 8.5 | G15: 180 | H15: Active | I15: 43912 | J15: =ROUND(PMT(F15/12/100, G15, -E15), 0) -> 21664 | K15: =VLOOKUP(C15,Customers!$B15:$H15,7,0) -> 720
... B63: 2001060 | C63: 111160 | D63: Home Loan | E63: 2250000 | F63: 7.3 | G63: 300 | H63: Active | I63: 44407 | J63: =ROUND(PMT(F63/12/100, G63, -E63), 0) -> 16336 | K63: =VLOOKUP(C63,Customers!$B63:$H63,7,0) -> 820
B64: 2001061 | C64: 111101 | D64: Auto Loan | E64: 500000 | F64: 11 | G64: 60 | H64: Active | I64: 45056 | J64: =ROUND(PMT(F64/12/100, G64, -E64), 0) -> 10871
B65: 2001062 | C65: 111103 | D65: Education Loan | E65: 300000 | F65: 10 | G65: 72 | H65: Closed | I65: 42887 | J65: =ROUND(PMT(F65/12/100, G65, -E65), 0) -> 5558
B66: 2001063 | C66: 111106 | D66: Home Loan | E66: 2500000 | F66: 7.5 | G66: 240 | H66: Active | I66: 43902 | J66: =ROUND(PMT(F66/12/100, G66, -E66), 0) -> 20140
B67: 2001064 | C67: 111111 | D67: Auto Loan | E67: 900000 | F67: 9.5 | G67: 72 | H67: Active | I67: 44791 | J67: =ROUND(PMT(F67/12/100, G67, -E67), 0) -> 16447
B68: 2001065 | C68: 111113 | D68: Business Loan | E68: 1500000 | F68: 8.8 | G68: 120 | H68: Active | I68: 44474 | J68: =ROUND(PMT(F68/12/100, G68, -E68), 0) -> 18839
B69: 2001066 | C69: 111115 | D69: Education Loan | E69: 500000 | F69: 9.5 | G69: 84 | H69: Closed | I69: 42205 | J69: =ROUND(PMT(F69/12/100, G69, -E69), 0) -> 8172
B70: 2001067 | C70: 111119 | D70: Home Loan | E70: 2000000 | F70: 7.8 | G70: 240 | H70: Active | I70: 44676 | J70: =ROUND(PMT(F70/12/100, G70, -E70), 0) -> 16481
B71: 2001068 | C71: 111126 | D71: Auto Loan | E71: 700000 | F71: 10.5 | G71: 72 | H71: Active | I71: 45092 | J71: =ROUND(PMT(F71/12/100, G71, -E71), 0) -> 13145
B72: 2001069 | C72: 111137 | D72: Business Loan | E72: 1800000 | F72: 8.4 | G72: 180 | H72: Active | I72: 44447 | J72: =ROUND(PMT(F72/12/100, G72, -E72), 0) -> 17620
B73: 2001070 | C73: 111152 | D73: Business Loan | E73: 1500000 | F73: 8.9 | G73: 120 | H73: Active | I73: 44606 | J73: =ROUND(PMT(F73/12/100, G73, -E73), 0) -> 18920

Sheet Portfolio Overview
B4: Portfolio Overview
B5: Total Portfolio (₹ Cr) | C5: =ROUND(SUM(Loans!E4:E73)/1000000,2) -> 91.48
B6: Total Loans | C6: =COUNTA(Loans!B4:B73) -> 70
B7: Total Customers | C7: =COUNTA(Customers!B4:B63) -> 60
B8: Avg Interest Rate | C8: =ROUND(AVERAGE(Loans!F4:F73),2) & "%" -> 10%
B9: Avg Loan Amount (₹ K) | C9: =ROUND(AVERAGE(Loans!E4:E73)/1000,0) -> 1307

Sheet Portfolio Mix Loan Type
B2: Loan Type | C2: Number of Loans | D2: Amount(Cr)
B3: Home Loan | C3: =COUNTIF(Loans!D4:D73,"Home Loan") -> 22 | D3: =ROUND(SUMIF(Loans!D4:D73,"Home Loan",Loans!E4:E73)/1000000,2) -> 47.86
B4: Business Loan | C4: =COUNTIF(Loans!D4:D73,"Business Loan") -> 16 | D4: =ROUND(SUMIF(Loans!D4:D73,"Business Loan",Loans!E4:E73)/1000000,2) -> 26.25
B5: Personal Loan | C5: =COUNTIF(Loans!D4:D73,"Personal Loan") -> 13 | D5: =ROUND(SUMIF(Loans!D4:D73,"Personal Loan",Loans!E4:E73)/1000000,2) -> 6.22
B6: Auto Loan | C6: =COUNTIF(Loans!D4:D73,"Auto Loan") -> 12 | D6: =ROUND(SUMIF(Loans!D4:D73,"Auto Loan",Loans!E4:E73)/1000000,2) -> 8.03
B7: Education Loan | C7: =COUNTIF(Loans!D4:D73,"Education Loan") -> 7 | D7: =ROUND(SUMIF(Loans!D4:D73,"Education Loan",Loans!E4:E73)/1000000,2) -> 3.12
B9: Loan Type | C9: Portfolio %
B10: Home Loan | C10: =ROUND(D3/SUM($D$3:$D$7)*100,1)&"%" -> 52.3%
B11: Business Loan | C11: =ROUND(D4/SUM($D$3:$D$7)*100,1)&"%" -> 28.7%
B12: Personal Loan | C12: =ROUND(D5/SUM($D$3:$D$7)*100,1)&"%" -> 6.8%
B13: Auto Loan | C13: =ROUND(D6/SUM($D$3:$D$7)*100,1)&"%" -> 8.8%
B14: Education Loan | C14: =ROUND(D7/SUM($D$3:$D$7)*100,1)&"%" -> 3.4%

Sheet NPA Rate by Loan Type
B2: Loan Type | C2: Total Amount (CR) | D2: NPA Amount
B3: Home Loan | C3: =SUMIF(Loans!$D$4:$D$73,"Home Loan",(Loans!$E$4:$E$73))/1000000 -> 47.86 | D3: =SUMIFS(Loans!$E$4:$E$73,Loans!$D$4:$D$73,"Home Loan",Loans!$H$4:$H$73,"NPA") -> 0
B4: Business Loan | C4: =SUMIF(Loans!$D$4:$D$73,"Business Loan",(Loans!$E$4:$E$73))/1000000 -> 26.25 | D4: =SUMIFS(Loans!$E$4:$E$73,Loans!$D$4:$D$73,"Business Loan",Loans!$H$4:$H$73,"NPA")/1000000 -> 2.67
B5: Personal Loan | C5: =SUMIF(Loans!$D$4:$D$73,"Personal Loan",(Loans!$E$4:$E$73))/1000000 -> 6.22 | D5: =SUMIFS(Loans!$E$4:$E$73,Loans!$D$4:$D$73,"Personal Loan",Loans!$H$4:$H$73,"NPA")/1000000 -> 5.25
B6: Auto Loan | C6: =SUMIF(Loans!$D$4:$D$73,"Auto Loan",(Loans!$E$4:$E$73))/1000000 -> 8.03 | D6: =SUMIFS(Loans!$E$4:$E$73,Loans!$D$4:$D$73,"Auto Loan",Loans!$H$4:$H$73,"NPA")/1000000 -> 0.58
B7: Education Loan | C7: =SUMIF(Loans!$D$4:$D$73,"Education Loan",(Loans!$E$4:$E$73))/1000000 -> 3.12 | D7: =SUMIFS(Loans!$E$4:$E$73,Loans!$D$4:$D$73,"Education Loan",Loans!$H$4:$H$73,"NPA")/1000000 -> 1.02
B9: Loan Type | C9: NPA Rate %
B10: Home Loan | C10: =ROUND(D3/C3*100,1) -> 0
B11: Business Loan | C11: =ROUND(D4/C4*100,1) -> 10.2
B12: Personal Loan | C12: =ROUND(D5/C5*100,1) -> 84.4
B13: Auto Loan | C13: =ROUND(D6/C6*100,1) -> 7.2
B14: Education Loan | C14: =ROUND(D7/C7*100,1) -> 32.7

Sheet NPA Summary
B3: NPA Analysis | C3: Number of Loans | D3: Amount (Cr)
B4: Active Loans | C4: =COUNTIF(Loans!H4:H73,"Active") -> 49 | D4: =ROUND(SUMIF(Loans!H4:H73,"Active",Loans!E4:E73)/1000000,2) -> 78.73
B5: NPA Loans | C5: =COUNTIF(Loans!H4:H73,"NPA") -> 16 | D5: =ROUND(SUMIF(Loans!H4:H73,"NPA",Loans!E4:E73)/1000000,2) -> 9.52
B6: Closed Loans | C6: =COUNTIF(Loans!H4:H73,"Closed") -> 5 | D6: =ROUND(SUMIF(Loans!H4:H73,"Closed",Loans!E4:E73)/1000000,2) -> 3.23
B8: Gross NPA Rate | C8: =ROUND(D5/SUM(D4:D6)*100,2)&"%" -> 10.41%

Sheet Credit Score Band Analysis
B2: NPA by Credit Score Band
B3: Credit Band | C3: Customer Count | D3: NPA Loan Count | E3: NPA Rate%
B4: Excellent (750+) | C4: =COUNTIF(Customers!H4:H63,">="&750) -> 18 | D4: =COUNTIFS(Loans!$H$4:$H$63,"NPA", Loans!$K$4:$K$63,">=750") -> 0 | E4: =ROUND(D4/C4*100,1)&"%" -> 0%
B5: Good (650-749) | C5: =COUNTIFS(Customers!H4:H63,">="&650,Customers!H4:H63,"<"&750) -> 17 | D5: =COUNTIFS(Loans!H4:H63,"NPA",Loans!K4:K63,">=650",Loans!K4:K63,"<750") -> 0 | E5: =ROUND(D5/C5*100,1)&"%" -> 0%
B6: Fair (550-649) | C6: =COUNTIFS(Customers!H4:H63,">="&550,Customers!H4:H63,"<"&650) -> 15 | D6: =COUNTIFS(Loans!H4:H63,"NPA",Loans!K4:K63,">=550",Loans!K4:K63,"<650") -> 6 | E6: =ROUND(D6/C6*100,1)&"%" -> 40%
B7: Poor (<550) | C7: =COUNTIF(Customers!H4:H63,"<"&550) -> 10 | D7: =COUNTIFS(Loans!H4:H63,"NPA",Loans!K4:K63,"<550") -> 10 | E7: =ROUND(D7/C7*100,1)&"%" -> 100%

Sheet  City-wise Exposure
B2: GEOGRAPHIC & OCCUPATION PORTFOLIO ANALYSIS
B5: City-Wise Loan Exposure (Top 15) | J5: Occupation-Wise Portfolio Summary
B6: City | C6: # Loans | D6: Amount (₹Cr) | E6: NPA Loans | F6: NPA Rate % | G6: Avg Credit Score | J6: Occupation | K6: # Loans | L6: Amount (₹Cr) | M6: NPA Rate % | N6: Avg Credit | O6: Avg Income
B7: Bangalore | C7: 6 | D7: 1.25 | E7: 0 | F7: 0 | G7: 843 | J7: Business | K7: 15 | L7: 2.6 | M7: 20 | N7: 673 | O7: 164333
B8: Chennai | C8: 6 | D8: 1.16 | E8: 0 | F8: 0 | G8: 740 | J8: Salaried | K8: 41 | L8: 5.52 | M8: 17.1 | N8: 718 | O8: 174317
B9: Delhi | C9: 5 | D9: 0.96 | E9: 0 | F9: 0 | G9: 758 | J9: Self-Employed | K9: 14 | L9: 0.95 | M9: 42.9 | N9: 603 | O9: 107929
B10: Jaipur | C10: 5 | D10: 0.92 | E10: 0 | F10: 0 | G10: 756
B11: Mumbai | C11: 5 | D11: 0.78 | E11: 1 | F11: 20 | G11: 786
B12: Hyderabad | C12: 5 | D12: 0.68 | E12: 1 | F12: 20 | G12: 742
B13: Pune | C13: 4 | D13: 0.59 | E13: 0 | F13: 0 | G13: 720
B14: Kolkata | C14: 2 | D14: 0.37 | E14: 0 | F14: 0 | G14: 745
B15: Kochi | C15: 2 | D15: 0.26 | E15: 0 | F15: 0 | G15: 680
B16: Chandigarh | C16: 2 | D16: 0.22 | E16: 0 | F16: 0 | G16: 655
B17: Amritsar | C17: 2 | D17: 0.2 | E17: 0 | F17: 0 | G17: 645
B18: Nagpur | C18: 2 | D18: 0.2 | E18: 0 | F18: 0 | G18: 655
B19: Ahmedabad | C19: 1 | D19: 0.18 | E19: 0 | F19: 0 | G19: 700
B20: Surat | C20: 1 | D20: 0.17 | E20: 0 | F20: 0 | G20: 760
B21: Dehradun | C21: 2 | D21: 0.15 | E21: 0 | F21: 0 | G21: 605

Sheet Credit Risk Analysis
B2: CREDIT RISK ANALYSIS — NPA Watchlist & EMI Burden
B5: High-Risk NPA Watchlist | O5: EMI Burden Analysis — Repayment Health
B6: Cust ID | C6: Name | D6: City | E6: Occupation | F6: Income (₹) | G6: Credit Score | H6: Loan Type | I6: Amount (₹) | J6: Rate % | K6: Status | L6: LTI Ratio | M6: Risk Flag | O6: Cust ID | P6: Name | Q6: City | R6: Occupation | S6: Monthly Income | T6: Total EMI | U6: EMI Burden % | V6: Health
B7: =Loans!C7 -> 111104 | C7: =Customers!C7 -> Ram Mohan Rao | D7: =Customers!D7 -> Hyderabad | E7: =Customers!G7 -> Self-Employed | F7: =Customers!E7 -> 100000 | G7: =Customers!H7 -> 590 | H7: =Loans!D7 -> Personal Loan | I7: =Loans!E7 -> 1200000 | J7: =Loans!F7 -> 8.2 | K7: =Loans!H7 -> NPA | L7: =I7/F7 -> 12 | M7: =IF(AND(G7<550, L7>10), "CRITICAL", IF(AND(G7<600, L7>5), "CRITICAL", "HIGH RISK")) -> CRITICAL | O7: 111119 | P7: Suresh Pillai | Q7: Chennai | R7: Business | S7: 17500 | T7: 40740 | U7: =ROUND(T7 / S7 * 100, 1)&"%" -> 232.8% | V7: =IF(VALUE(LEFT(U7,LEN(U7)-1))>100,"Over-leveraged",IF(VALUE(LEFT(U7,LEN(U7)-1))>60,"Stressed","Healthy")) -> Over-leveraged
B8: =Loans!C8 -> 111105 | C8: =Customers!C8 -> Siddharth Singh | D8: =Customers!D8 -> Patna | E8: =Customers!G8 -> Salaried | F8: =Customers!E8 -> 50000 | G8: =Customers!H8 -> 480 | H8: =Loans!D8 -> Personal Loan | I8: =Loans!E8 -> 500000 | J8: =Loans!F8 -> 12.5 | K8: =Loans!H8 -> NPA | L8: =I8/F8 -> 10 | M8: =IF(AND(G8<550, L8>10), "CRITICAL", IF(AND(G8<600, L8>5), "CRITICAL", "HIGH RISK")) -> CRITICAL | O8: 111106 | P8: Raghuveer Rathod | Q8: Jaipur | R8: Business | S8: 20833 | T8: 44770 | U8: =ROUND(T8 / S8 * 100, 1)&"%" -> 214.9% | V8: =IF(VALUE(LEFT(U8,LEN(U8)-1))>100,"Over-leveraged",IF(VALUE(LEFT(U8,LEN(U8)-1))>60,"Stressed","Healthy")) -> Over-leveraged
B9: =Loans!C12 -> 111109 | C9: =Customers!C12 -> Sameer Hussain | D9: =Customers!D12 -> Raipur | E9: =Customers!G12 -> Salaried | F9: =Customers!E12 -> 60000 | G9: =Customers!H12 -> 430 | H9: =Loans!D12 -> Personal Loan | I9: =Loans!E12 -> 700000 | J9: =Loans!F12 -> 15.5 | K9: =Loans!H12 -> NPA | L9: =I9/F9 -> 11.666667 | M9: =IF(AND(G9<550, L9>10), "CRITICAL", IF(AND(G9<600, L9>5), "CRITICAL", "HIGH RISK")) -> CRITICAL | O9: 111113 | P9: Sneha Iyer | Q9: Chennai | R9: Salaried | S9: 18333 | T9: 37690 | U9: =ROUND(T9 / S9 * 100, 1)&"%" -> 205.6% | V9: =IF(VALUE(LEFT(U9,LEN(U9)-1))>100,"Over-leveraged",IF(VALUE(LEFT(U9,LEN(U9)-1))>60,"Stressed","Healthy")) -> Over-leveraged
B10: =Loans!C19 -> 111116 | C10: =Customers!C19 -> Amit Verma | D10: =Customers!D19 -> Lucknow | E10: =Customers!G19 -> Salaried | F10: =Customers!E19 -> 90000 | G10: =Customers!H19 -> 560 | H10: =Loans!D19 -> Personal Loan | I10: =Loans!E19 -> 450000 | J10: =Loans!F19 -> 13.5 | K10: =Loans!H19 -> NPA | L10: =I10/F10 -> 5 | M10: =IF(AND(G10<550, L10>10), "CRITICAL", IF(AND(G10<600, L10>5), "CRITICAL", "HIGH RISK")) -> HIGH RISK | O10: 111107 | P10: Keshav Chaterjee | Q10: Pune | R10: Salaried | S10: 6250 | T10: 12430 | U10: =ROUND(T10 / S10 * 100, 1)&"%" -> 198.9% | V10: =IF(VALUE(LEFT(U10,LEN(U10)-1))>100,"Over-leveraged",IF(VALUE(LEFT(U10,LEN(U10)-1))>60,"Stressed","Healthy")) -> Over-leveraged
B11: =Loans!C20 -> 111117 | C11: =Customers!C20 -> Rohit Gupta | D11: =Customers!D20 -> Kanpur | E11: =Customers!G20 -> Self-Employed | F11: =Customers!E20 -> 70000 | G11: =Customers!H20 -> 510 | H11: =Loans!D20 -> Auto Loan | I11: =Loans!E20 -> 580000 | J11: =Loans!F20 -> 15 | K11: =Loans!H20 -> NPA | L11: =I11/F11 -> 8.2857143 | M11: =IF(AND(G11<550, L11>10), "CRITICAL", IF(AND(G11<600, L11>5), "CRITICAL", "HIGH RISK")) -> CRITICAL | O11: 111126 | P11: Pooja Saxena | Q11: Delhi | R11: Salaried | S11: 19167 | T11: 32300 | U11: =ROUND(T11 / S11 * 100, 1)&"%" -> 168.5% | V11: =IF(VALUE(LEFT(U11,LEN(U11)-1))>100,"Over-leveraged",IF(VALUE(LEFT(U11,LEN(U11)-1))>60,"Stressed","Healthy")) -> Over-leveraged
B12: =Loans!C24 -> 111121 | C12: =Customers!C24 -> Manish Tiwari | D12: =Customers!D24 -> Bhopal | E12: =Customers!G24 -> Self-Employed | F12: =Customers!E24 -> 85000 | G12: =Customers!H24 -> 580 | H12: =Loans!D24 -> Education Loan | I12: =Loans!E24 -> 1020000 | J12: =Loans!F24 -> 14 | K12: =Loans!H24 -> NPA | L12: =I12/F12 -> 12 | M12: =IF(AND(G12<550, L12>10), "CRITICAL", IF(AND(G12<600, L12>5), "CRITICAL", "HIGH RISK")) -> CRITICAL | O12: 111137 | P12: Girish Rao | Q12: Bangalore | R12: Salaried | S12: 21667 | T12: 36070 | U12: =ROUND(T12 / S12 * 100, 1)&"%" -> 166.5% | V12: =IF(VALUE(LEFT(U12,LEN(U12)-1))>100,"Over-leveraged",IF(VALUE(LEFT(U12,LEN(U12)-1))>60,"Stressed","Healthy")) -> Over-leveraged
B13: =Loans!C30 -> 111127 | C13: =Customers!C30 -> Vijay Patil | D13: =Customers!D30 -> Nashik | E13: =Customers!G30 -> Business | F13: =Customers!E30 -> 80000 | G13: =Customers!H30 -> 520 | H13: =Loans!D30 -> Business Loan | I13: =Loans!E30 -> 900000 | J13: =Loans!F30 -> 12 | K13: =Loans!H30 -> NPA | L13: =I13/F13 -> 11.25 | M13: =IF(AND(G13<550, L13>10), "CRITICAL", IF(AND(G13<600, L13>5), "CRITICAL", "HIGH RISK")) -> CRITICAL | O13: 111111 | P13: Priya Mehta | Q13: Mumbai | R13: Salaried | S13: 25000 | T13: 41110 | U13: =ROUND(T13 / S13 * 100, 1)&"%" -> 164.4% | V13: =IF(VALUE(LEFT(U13,LEN(U13)-1))>100,"Over-leveraged",IF(VALUE(LEFT(U13,LEN(U13)-1))>60,"Stressed","Healthy")) -> Over-leveraged
B14: =Loans!C33 -> 111130 | C14: =Customers!C33 -> Meena Kumari | D14: =Customers!D33 -> Patna | E14: =Customers!G33 -> Salaried | F14: =Customers!E33 -> 55000 | G14: =Customers!H33 -> 460 | H14: =Loans!D33 -> Personal Loan | I14: =Loans!E33 -> 280000 | J14: =Loans!F33 -> 14.5 | K14: =Loans!H33 -> NPA | L14: =I14/F14 -> 5.0909091 | M14: =IF(AND(G14<550, L14>10), "CRITICAL", IF(AND(G14<600, L14>5), "CRITICAL", "HIGH RISK")) -> CRITICAL | O14: 111101 | P14: Gagan Soni | Q14: Hyderabad | R14: Salaried | S14: 16667 | T14: 26930 | U14: =ROUND(T14 / S14 * 100, 1)&"%" -> 161.6% | V14: =IF(VALUE(LEFT(U14,LEN(U14)-1))>100,"Over-leveraged",IF(VALUE(LEFT(U14,LEN(U14)-1))>60,"Stressed","Healthy")) -> Over-leveraged
B15: =Loans!C34 -> 111131 | C15: =Customers!C34 -> Sanjay Dubey | D15: =Customers!D34 -> Varanasi | E15: =Customers!G34 -> Business | F15: =Customers!E34 -> 95000 | G15: =Customers!H34 -> 570 | H15: =Loans!D34 -> Business Loan | I15: =Loans!E34 -> 750000 | J15: =Loans!F34 -> 11.5 | K15: =Loans!H34 -> NPA | L15: =I15/F15 -> 7.8947368 | M15: =IF(AND(G15<550, L15>10), "CRITICAL", IF(AND(G15<600, L15>5), "CRITICAL", "HIGH RISK")) -> CRITICAL | O15: 111152 | P15: Nandini Verma | Q15: Bangalore | R15: Salaried | S15: 24167 | T15: 36140 | U15: =ROUND(T15 / S15 * 100, 1)&"%" -> 149.5% | V15: =IF(VALUE(LEFT(U15,LEN(U15)-1))>100,"Over-leveraged",IF(VALUE(LEFT(U15,LEN(U15)-1))>60,"Stressed","Healthy")) -> Over-leveraged
B16: =Loans!C41 -> 111138 | C16: =Customers!C41 -> Fatima Shaikh | D16: =Customers!D41 -> Mumbai | E16: =Customers!G41 -> Self-Employed | F16: =Customers!E41 -> 110000 | G16: =Customers!H41 -> 590 | H16: =Loans!D41 -> Personal Loan | I16: =Loans!E41 -> 600000 | J16: =Loans!F41 -> 13.5 | K16: =Loans!H41 -> NPA | L16: =I16/F16 -> 5.4545455 | M16: =IF(AND(G16<550, L16>10), "CRITICAL", IF(AND(G16<600, L16>5), "CRITICAL", "HIGH RISK")) -> CRITICAL | O16: 111112 | P16: Arjun Sharma | Q16: Delhi | R16: Business | S16: 15000 | T16: 21640 | U16: =ROUND(T16 / S16 * 100, 1)&"%" -> 144.3% | V16: =IF(VALUE(LEFT(U16,LEN(U16)-1))>100,"Over-leveraged",IF(VALUE(LEFT(U16,LEN(U16)-1))>60,"Stressed","Healthy")) -> Over-leveraged
B17: =Loans!C44 -> 111141 | C17: =Customers!C44 -> Mohit Yadav | D17: =Customers!D44 -> Lucknow | E17: =Customers!G44 -> Salaried | F17: =Customers!E44 -> 72000 | G17: =Customers!H44 -> 500 | H17: =Loans!D44 -> Personal Loan | I17: =Loans!E44 -> 350000 | J17: =Loans!F44 -> 15 | K17: =Loans!H44 -> NPA | L17: =I17/F17 -> 4.8611111 | M17: =IF(AND(G17<550, L17>10), "CRITICAL", IF(AND(G17<600, L17>5), "CRITICAL", "HIGH RISK")) -> HIGH RISK | O17: 111150 | P17: Usha Bhatt | Q17: Dehradun | R17: Salaried | S17: 6833 | T17: 9540 | U17: =ROUND(T17 / S17 * 100, 1)&"%" -> 139.6% | V17: =IF(VALUE(LEFT(U17,LEN(U17)-1))>100,"Over-leveraged",IF(VALUE(LEFT(U17,LEN(U17)-1))>60,"Stressed","Healthy")) -> Over-leveraged
B18: =Loans!C46 -> 111143 | C18: =Customers!C46 -> Vivek Mishra | D18: =Customers!D46 -> Allahabad | E18: =Customers!G46 -> Salaried | F18: =Customers!E46 -> 68000 | G18: =Customers!H46 -> 440 | H18: =Loans!D46 -> Personal Loan | I18: =Loans!E46 -> 300000 | J18: =Loans!F46 -> 14 | K18: =Loans!H46 -> NPA | L18: =I18/F18 -> 4.4117647 | M18: =IF(AND(G18<550, L18>10), "CRITICAL", IF(AND(G18<600, L18>5), "CRITICAL", "HIGH RISK")) -> HIGH RISK | O18: 111102 | P18: Rajveer Singh | Q18: Delhi | R18: Business | S18: 12500 | T18: 17320 | U18: =ROUND(T18 / S18 * 100, 1)&"%" -> 138.6% | V18: =IF(VALUE(LEFT(U18,LEN(U18)-1))>100,"Over-leveraged",IF(VALUE(LEFT(U18,LEN(U18)-1))>60,"Stressed","Healthy")) -> Over-leveraged
B19: =Loans!C49 -> 111146 | C19: =Customers!C49 -> Geeta Pandey | D19: =Customers!D49 -> Varanasi | E19: =Customers!G49 -> Self-Employed | F19: =Customers!E49 -> 62000 | G19: =Customers!H49 -> 470 | H19: =Loans!D49 -> Personal Loan | I19: =Loans!E49 -> 260000 | J19: =Loans!F49 -> 15.5 | K19: =Loans!H49 -> NPA | L19: =I19/F19 -> 4.1935484 | M19: =IF(AND(G19<550, L19>10), "CRITICAL", IF(AND(G19<600, L19>5), "CRITICAL", "HIGH RISK")) -> HIGH RISK | O19: 111125 | P19: Tarun Malhotra | Q19: Amritsar | R19: Self-Employed | S19: 8750 | T19: 11660 | U19: =ROUND(T19 / S19 * 100, 1)&"%" -> 133.3% | V19: =IF(VALUE(LEFT(U19,LEN(U19)-1))>100,"Over-leveraged",IF(VALUE(LEFT(U19,LEN(U19)-1))>60,"Stressed","Healthy")) -> Over-leveraged
B20: =Loans!C56 -> 111153 | C20: =Customers!C56 -> Praveen Shetty | D20: =Customers!D56 -> Mangalore | E20: =Customers!G56 -> Business | F20: =Customers!E56 -> 102000 | G20: =Customers!H56 -> 560 | H20: =Loans!D56 -> Business Loan | I20: =Loans!E56 -> 1020000 | J20: =Loans!F56 -> 11 | K20: =Loans!H56 -> NPA | L20: =I20/F20 -> 10 | M20: =IF(AND(G20<550, L20>10), "CRITICAL", IF(AND(G20<600, L20>5), "CRITICAL", "HIGH RISK")) -> CRITICAL | O20: 111145 | P20: Sunil Thakur | Q20: Nagpur | R20: Business | S20: 8167 | T20: 10280 | U20: =ROUND(T20 / S20 * 100, 1)&"%" -> 125.9% | V20: =IF(VALUE(LEFT(U20,LEN(U20)-1))>100,"Over-leveraged",IF(VALUE(LEFT(U20,LEN(U20)-1))>60,"Stressed","Healthy")) -> Over-leveraged
B21: =Loans!C58 -> 111155 | C21: =Customers!C58 -> Saurabh Tiwari | D21: =Customers!D58 -> Bhopal | E21: =Customers!G58 -> Self-Employed | F21: =Customers!E58 -> 78000 | G21: =Customers!H58 -> 530 | H21: =Loans!D58 -> Personal Loan | I21: =Loans!E58 -> 390000 | J21: =Loans!F58 -> 14.5 | K21: =Loans!H58 -> NPA | L21: =I21/F21 -> 5 | M21: =IF(AND(G21<550, L21>10), "CRITICAL", IF(AND(G21<600, L21>5), "CRITICAL", "HIGH RISK")) -> HIGH RISK | O21: 111108 | P21: Nimesh Sood | Q21: Nagpur | R21: Self-Employed | S21: 8333 | T21: 10440 | U21: =ROUND(T21 / S21 * 100, 1)&"%" -> 125.3% | V21: =IF(VALUE(LEFT(U21,LEN(U21)-1))>100,"Over-leveraged",IF(VALUE(LEFT(U21,LEN(U21)-1))>60,"Stressed","Healthy")) -> Over-leveraged
B22: =Loans!C59 -> 111156 | C22: =Customers!C59 -> Kamla Devi | D22: =Customers!D59 -> Patna | E22: =Customers!G59 -> Salaried | F22: =Customers!E59 -> 52000 | G22: =Customers!H59 -> 410 | H22: =Loans!D59 -> Personal Loan | I22: =Loans!E59 -> 220000 | J22: =Loans!F59 -> 15.5 | K22: =Loans!H59 -> NPA | L22: =I22/F22 -> 4.2307692 | M22: =IF(AND(G22<550, L22>10), "CRITICAL", IF(AND(G22<600, L22>5), "CRITICAL", "HIGH RISK")) -> HIGH RISK | O22: 111140 | P22: Preeti Kapoor | Q22: Chandigarh | R22: Business | S22: 12917 | T22: 15640 | U22: =ROUND(T22 / S22 * 100, 1)&"%" -> 121.1% | V22: =IF(VALUE(LEFT(U22,LEN(U22)-1))>100,"Over-leveraged",IF(VALUE(LEFT(U22,LEN(U22)-1))>60,"Stressed","Healthy")) -> Over-leveraged
O23: 111129 | P23: Harsh Vardhan | Q23: Indore | R23: Self-Employed | S23: 10417 | T23: 12490 | U23: =ROUND(T23 / S23 * 100, 1)&"%" -> 119.9% | V23: =IF(VALUE(LEFT(U23,LEN(U23)-1))>100,"Over-leveraged",IF(VALUE(LEFT(U23,LEN(U23)-1))>60,"Stressed","Healthy")) -> Over-leveraged
O24: 111114 | P24: Vikram Nair | Q24: Kochi | R24: Self-Employed | S24: 10833 | T24: 12890 | U24: =ROUND(T24 / S24 * 100, 1)&"%" -> 119% | V24: =IF(VALUE(LEFT(U24,LEN(U24)-1))>100,"Over-leveraged",IF(VALUE(LEFT(U24,LEN(U24)-1))>60,"Stressed","Healthy")) -> Over-leveraged
O25: 111120 | P25: Kavita Reddy | Q25: Hyderabad | R25: Salaried | S25: 11667 | T25: 13870 | U25: =ROUND(T25 / S25 * 100, 1)&"%" -> 118.9% | V25: =IF(VALUE(LEFT(U25,LEN(U25)-1))>100,"Over-leveraged",IF(VALUE(LEFT(U25,LEN(U25)-1))>60,"Stressed","Healthy")) -> Over-leveraged
O26: 111123 | P26: Pankaj Bhatt | Q26: Dehradun | R26: Business | S26: 9583 | T26: 11390 | U26: =ROUND(T26 / S26 * 100, 1)&"%" -> 118.9% | V26: =IF(VALUE(LEFT(U26,LEN(U26)-1))>100,"Over-leveraged",IF(VALUE(LEFT(U26,LEN(U26)-1))>60,"Stressed","Healthy")) -> Over-leveraged
O27: 111149 | P27: Dinesh Chauhan | Q27: Ahmedabad | R27: Business | S27: 14833 | T27: 17510 | U27: =ROUND(T27 / S27 * 100, 1)&"%" -> 118% | V27: =IF(VALUE(LEFT(U27,LEN(U27)-1))>100,"Over-leveraged",IF(VALUE(LEFT(U27,LEN(U27)-1))>60,"Stressed","Healthy")) -> Over-leveraged
O28: 111158 | P28: Sapna Agarwal | Q28: Agra | R28: Salaried | S28: 9833 | T28: 11590 | U28: =ROUND(T28 / S28 * 100, 1)&"%" -> 117.9% | V28: =IF(VALUE(LEFT(U28,LEN(U28)-1))>100,"Over-leveraged",IF(VALUE(LEFT(U28,LEN(U28)-1))>60,"Stressed","Healthy")) -> Over-leveraged
O29: 111157 | P29: Harish Chandra | Q29: Kolkata | R29: Business | S29: 16000 | T29: 18820 | U29: =ROUND(T29 / S29 * 100, 1)&"%" -> 117.6% | V29: =IF(VALUE(LEFT(U29,LEN(U29)-1))>100,"Over-leveraged",IF(VALUE(LEFT(U29,LEN(U29)-1))>60,"Stressed","Healthy")) -> Over-leveraged
O30: 111136 | P30: Smita Kulkarni | Q30: Pune | R30: Business | S30: 16667 | T30: 19560 | U30: =ROUND(T30 / S30 * 100, 1)&"%" -> 117.4% | V30: =IF(VALUE(LEFT(U30,LEN(U30)-1))>100,"Over-leveraged",IF(VALUE(LEFT(U30,LEN(U30)-1))>60,"Stressed","Healthy")) -> Over-leveraged
O31: 111151 | P31: Ramesh Goyal | Q31: Chandigarh | R31: Self-Employed | S31: 12333 | T31: 12680 | U31: =ROUND(T31 / S31 * 100, 1)&"%" -> 102.8% | V31: =IF(VALUE(LEFT(U31,LEN(U31)-1))>100,"Over-leveraged",IF(VALUE(LEFT(U31,LEN(U31)-1))>60,"Stressed","Healthy")) -> Over-leveraged
O32: 111115 | P32: Deepa Krishnan | Q32: Bangalore | R32: Salaried | S32: 22500 | T32: 22730 | U32: =ROUND(T32 / S32 * 100, 1)&"%" -> 101% | V32: =IF(VALUE(LEFT(U32,LEN(U32)-1))>100,"Over-leveraged",IF(VALUE(LEFT(U32,LEN(U32)-1))>60,"Stressed","Healthy")) -> Over-leveraged
O33: 111118 | P33: Neha Joshi | Q33: Pune | R33: Salaried | S33: 13333 | T33: 13320 | U33: =ROUND(T33 / S33 * 100, 1)&"%" -> 99.9% | V33: =IF(VALUE(LEFT(U33,LEN(U33)-1))>100,"Over-leveraged",IF(VALUE(LEFT(U33,LEN(U33)-1))>60,"Stressed","Healthy")) -> Stressed
O34: 111132 | P34: Lalita Sharma | Q34: Jaipur | R34: Salaried | S34: 12083 | T34: 11880 | U34: =ROUND(T34 / S34 * 100, 1)&"%" -> 98.3% | V34: =IF(VALUE(LEFT(U34,LEN(U34)-1))>100,"Over-leveraged",IF(VALUE(LEFT(U34,LEN(U34)-1))>60,"Stressed","Healthy")) -> Stressed
... O47: 111148 | P47: Shweta Jain | Q47: Jaipur | R47: Salaried | S47: 11000 | T47: 5850 | U47: =ROUND(T47 / S47 * 100, 1)&"%" -> 53.2% | V47: =IF(VALUE(LEFT(U47,LEN(U47)-1))>100,"Over-leveraged",IF(VALUE(LEFT(U47,LEN(U47)-1))>60,"Stressed","Healthy")) -> Healthy

Sheet Portfolio Status Distribution
B2: Portfolio Status Distribution
B3: Status | C3: # Loans | D3: Amount (₹Cr) | E3: Share %
B4: Active | C4: =COUNTIF(Loans!$H$4:$H$73,"Active") -> 49 | D4: =ROUND(SUMIF(Loans!$H$4:$H$73,"Active",Loans!$E$4:$E$73)/1000000,2) -> 78.73 | E4: =ROUND(D4/SUM($D$4:$D$6)*100,1)&"%" -> 86.1%
B5: Closed | C5: =COUNTIF(Loans!$H$4:$H$73,"Closed") -> 5 | D5: =ROUND(SUMIF(Loans!$H$4:$H$73,"Closed",Loans!$E$4:$E$73)/1000000,2) -> 3.23 | E5: =ROUND(D5/SUM($D$4:$D$6)*100,1)&"%" -> 3.5%
B6: NPA | C6: =COUNTIF(Loans!$H$4:$H$73,"NPA") -> 16 | D6: =ROUND(SUMIF(Loans!$H$4:$H$73,"NPA",Loans!$E$4:$E$73)/1000000,2) -> 9.52 | E6: =ROUND(D6/SUM($D$4:$D$6)*100,1)&"%" -> 10.4%
B9: Loan Type Performance
B10: Loan Type | C10: # Loans | D10: Amount (₹Cr) | E10: Avg Rate % | F10: NPA Count | G10: NPA Rate %
B11: Auto Loan | C11: =COUNTIF(Loans!$D$4:$D$73,"Auto Loan") -> 12 | D11: =ROUND(SUMIF(Loans!$D$4:$D$73,"Auto Loan",Loans!$E$4:$E$73)/1000000,2) -> 8.03 | E11: =ROUND(AVERAGEIF(Loans!$D$4:$D$73,"Auto Loan",Loans!$F$4:$F$73),2) -> 11.09 | F11: =COUNTIFS(Loans!$D$4:$D$73,"Auto Loan",Loans!$H$4:$H$73,"NPA") -> 1 | G11: =ROUND(F11/C11*100,1)&"%" -> 8.3%
B12: Business Loan | C12: =COUNTIF(Loans!$D$4:$D$73,"Business Loan") -> 16 | D12: =ROUND(SUMIF(Loans!$D$4:$D$73,"Business Loan",Loans!$E$4:$E$73)/1000000,2) -> 26.25 | E12: =ROUND(AVERAGEIF(Loans!$D$4:$D$73,"Business Loan",Loans!$F$4:$F$73),2) -> 9.21 | F12: =COUNTIFS(Loans!$D$4:$D$73,"Business Loan",Loans!$H$4:$H$73,"NPA") -> 3 | G12: =ROUND(F12/C12*100,1)&"%" -> 18.8%
B13: Education Loan | C13: =COUNTIF(Loans!$D$4:$D$73,"Education Loan") -> 7 | D13: =ROUND(SUMIF(Loans!$D$4:$D$73,"Education Loan",Loans!$E$4:$E$73)/1000000,2) -> 3.12 | E13: =ROUND(AVERAGEIF(Loans!$D$4:$D$73,"Education Loan",Loans!$F$4:$F$73),2) -> 10.86 | F13: =COUNTIFS(Loans!$D$4:$D$73,"Education Loan",Loans!$H$4:$H$73,"NPA") -> 1 | G13: =ROUND(F13/C13*100,1)&"%" -> 14.3%
B14: Home Loan | C14: =COUNTIF(Loans!$D$4:$D$73,"Home Loan") -> 22 | D14: =ROUND(SUMIF(Loans!$D$4:$D$73,"Home Loan",Loans!$E$4:$E$73)/1000000,2) -> 47.86 | E14: =ROUND(AVERAGEIF(Loans!$D$4:$D$73,"Home Loan",Loans!$F$4:$F$73),2) -> 7.51 | F14: =COUNTIFS(Loans!$D$4:$D$73,"Home Loan",Loans!$H$4:$H$73,"NPA") -> 0 | G14: =ROUND(F14/C14*100,1)&"%" -> 0%
B15: Personal Loan | C15: =COUNTIF(Loans!$D$4:$D$73,"Personal Loan") -> 13 | D15: =ROUND(SUMIF(Loans!$D$4:$D$73,"Personal Loan",Loans!$E$4:$E$73)/1000000,2) -> 6.22 | E15: =ROUND(AVERAGEIF(Loans!$D$4:$D$73,"Personal Loan",Loans!$F$4:$F$73),2) -> 13.71 | F15: =COUNTIFS(Loans!$D$4:$D$73,"Personal Loan",Loans!$H$4:$H$73,"NPA") -> 11 | G15: =ROUND(F15/C15*100,1)&"%" -> 84.6%

Sheet Dashboard
B2: SBI BANK — LOAN PORTFOLIO ANALYSIS DASHBOARD
B7: Gross Book | D7: Total Loans | F7: Total Customers | H7: Avg Yield | J7: Avg Ticket | L7: Gross NPA | N7: Active Book | P7: Closed Book | R7: NPA Book
B8: ='Portfolio Overview'!C5 -> 91.48 | D8: ='Portfolio Overview'!C6 -> 70 | F8: ='Portfolio Overview'!C7 -> 60 | H8: 0.1 | J8: ='Portfolio Overview'!C9 -> 1307 | L8: ='NPA Summary'!C8 -> 10.41% | N8: ='Portfolio Status Distribution'!D4 -> 78.73 | P8: ='Portfolio Status Distribution'!D5 -> 3.23 | R8: ='Portfolio Status Distribution'!D6 -> 9.52
